{
  "p95_hard_limit_ms": 200.0,
  "p95_yellow_headroom_ms": 30.0,
  "status": "green",
  "endpoints": {
    "booking": {
      "p50_ms": 33.00441700412193,
      "p95_ms": 47.94154100090964,
      "p99_ms": 201.6025830016588,
      "mean_ms": 37.57677054375381,
      "count": 1000,
      "errors": 0,
      "headroom_to_p95_limit_ms": 152.05845899909036
    },
    "modification": {
      "p50_ms": 50.8726249972824,
      "p95_ms": 144.85229199635796,
      "p99_ms": 226.25650000554742,
      "mean_ms": 63.65356459099712,
      "count": 1000,
      "errors": 0,
      "headroom_to_p95_limit_ms": 55.14770800364204
    },
    "feedback": {
      "p50_ms": 43.83604199392721,
      "p95_ms": 148.68829199986067,
      "p99_ms": 224.40670899959514,
      "mean_ms": 56.53549933717295,
      "count": 1000,
      "errors": 0,
      "headroom_to_p95_limit_ms": 51.31170800013933
    }
  }
}
