Type,Name,Request Count,Failure Count,Median Response Time,Average Response Time,Min Response Time,Max Response Time,Average Content Size,Requests/s,Failures/s,50%,66%,75%,80%,90%,95%,98%,99%,99.9%,99.99%,100%
POST,POST /booking/evaluate (fraud),321,0,7,6.979220619881591,3.8165000005392358,24.674832995515317,793.7289719626168,5.4345054885546755,0.0,7,7,8,8,9,11,12,13,25,25,25
POST,POST /booking/evaluate (legit),6481,0,8,8.06626118190805,4.0358330006711185,58.898333001707215,1166.0,109.7228351131553,0.0,8,8,9,10,11,12,14,16,52,59,59
POST,POST /booking/evaluate (replay),226,0,3,3.4775713669724424,1.9325419998494908,16.496417003509123,1131.203539823009,3.826162742720737,0.0,3,4,4,4,5,5,6,9,16,16,16
POST,POST /feedback,1583,0,4,4.715088074597206,2.6952920015901327,20.738084000186063,85.0170562223626,26.800069122685517,0.0,4,5,5,6,6,7,8,10,20,21,21
POST,POST /modification/evaluate,2210,0,7,8.157261742888798,4.113208000489976,30.77274999668589,1503.7113122171945,37.41513124518951,0.0,7,8,9,10,12,13,15,16,23,31,31
,Aggregated,10821,0,7,7.466521813301493,1.9325419998494908,58.898333001707215,1065.065058682192,183.19870371230573,0.0,7,8,9,9,11,12,14,15,31,53,59
